id,name,model_id:id,group_id:id,perm_read,perm_write,perm_create,perm_unlink
access_practice_rubric_manager,practice.rubric.manager,model_practice_rubric,practice_grading.group_practice_grading_manager,1,1,1,1
access_practice_rubric_reviewer,practice.rubric.reviewer,model_practice_rubric,practice_grading.group_practice_grading_reviewer,1,0,0,0
access_practice_rubric_criterion_manager,practice.rubric.criterion.manager,model_practice_rubric_criterion,practice_grading.group_practice_grading_manager,1,1,1,1
access_practice_rubric_criterion_reviewer,practice.rubric.criterion.reviewer,model_practice_rubric_criterion,practice_grading.group_practice_grading_reviewer,1,0,0,0
access_practice_rubric_import_wizard_manager,practice.rubric.import.wizard.manager,model_practice_rubric_import_wizard,practice_grading.group_practice_grading_manager,1,1,1,1
access_practice_grading_run_manager,practice.grading.run.manager,model_practice_grading_run,practice_grading.group_practice_grading_manager,1,1,1,1
access_practice_grading_run_reviewer,practice.grading.run.reviewer,model_practice_grading_run,practice_grading.group_practice_grading_reviewer,1,0,0,0
access_practice_grading_result_manager,practice.grading.result.manager,model_practice_grading_result,practice_grading.group_practice_grading_manager,1,1,1,1
access_practice_grading_result_reviewer,practice.grading.result.reviewer,model_practice_grading_result,practice_grading.group_practice_grading_reviewer,1,1,0,0
access_practice_grading_export_wizard_manager,practice.grading.export.wizard.manager,model_practice_grading_export_wizard,practice_grading.group_practice_grading_manager,1,1,1,1
access_practice_grading_export_wizard_reviewer,practice.grading.export.wizard.reviewer,model_practice_grading_export_wizard,practice_grading.group_practice_grading_reviewer,1,1,1,1